Mes;Vazao
1/1/1912;47715,16
1/2/1912;38258,96
1/3/1912;34754,20
1/4/1912;35867,67
1/5/1912;33924,84
1/6/1912;30661,67
1/7/1912;30933,23
1/8/1912;31314,84
1/9/1912;37578,33
1/10/1912;46681,93
1/11/1912;52486,00
1/12/1912;53257,42
1/1/1913;42282,58
1/2/1913;34108,21
1/3/1913;34170,32
1/4/1913;34157,00
1/5/1913;39652,26
1/6/1913;37927,67
1/7/1913;29690,64
1/8/1913;27725,81
1/9/1913;29035,67
1/10/1913;35119,68
1/11/1913;42223,00
1/12/1913;40930,32
1/1/1914;33325,80
1/2/1914;26914,64
1/3/1914;30320,64
1/4/1914;34754,33
1/5/1914;32307,10
1/6/1914;31775,67
1/7/1914;28945,48
1/8/1914;26283,55
1/9/1914;29978,33
1/10/1914;40461,93
1/11/1914;49340,00
1/12/1914;56804,52
1/1/1915;47451,93
1/2/1915;31103,93
1/3/1915;28726,45
1/4/1915;29228,67
1/5/1915;29467,10
1/6/1915;28444,00
1/7/1915;25220,97
1/8/1915;25359,68
1/9/1915;30415,00
1/10/1915;35725,48
1/11/1915;41010,67
1/12/1915;47168,71
1/1/1916;41834,52
1/2/1916;31493,10
1/3/1916;30366,77
1/4/1916;31977,00
1/5/1916;37565,16
1/6/1916;32244,33
1/7/1916;29098,39
1/8/1916;27761,29
1/9/1916;33811,00
1/10/1916;43337,74
1/11/1916;54954,67
1/12/1916;59679,03
1/1/1917;49122,90
1/2/1917;38390,00
1/3/1917;35006,45
1/4/1917;37148,67
1/5/1917;42473,87
1/6/1917;41215,33
1/7/1917;32986,13
1/8/1917;29266,77
1/9/1917;35993,00
1/10/1917;44717,10
1/11/1917;55476,67
1/12/1917;55920,97
1/1/1918;39129,03
1/2/1918;29276,43
1/3/1918;27894,52
1/4/1918;33167,00
1/5/1918;34084,52
1/6/1918;29790,33
1/7/1918;27443,23
1/8/1918;29548,06
1/9/1918;35469,33
1/10/1918;37515,80
1/11/1918;41498,33
1/12/1918;43843,55
1/1/1919;39498,71
1/2/1919;33624,29
1/3/1919;30382,26
1/4/1919;30893,33
1/5/1919;30239,36
1/6/1919;26375,67
1/7/1919;23737,10
1/8/1919;26812,90
1/9/1919;30546,33
1/10/1919;36223,87
1/11/1919;41509,33
1/12/1919;44630,97
1/1/1920;39061,61
1/2/1920;30783,10
1/3/1920;27225,16
1/4/1920;29735,00
1/5/1920;34665,48
1/6/1920;32089,67
1/7/1920;29373,23
1/8/1920;32753,23
1/9/1920;38463,67
1/10/1920;42526,13
1/11/1920;50107,33
1/12/1920;59541,93
1/1/1921;52781,93
1/2/1921;37572,50
1/3/1921;32739,36
1/4/1921;32898,00
1/5/1921;37459,68
1/6/1921;34178,67
1/7/1921;32649,36
1/8/1921;30589,68
1/9/1921;38201,00
1/10/1921;44722,58
1/11/1921;53433,67
1/12/1921;55849,03
1/1/1922;43246,45
1/2/1922;36258,93
1/3/1922;33302,58
1/4/1922;33264,00
1/5/1922;32764,19
1/6/1922;29719,67
1/7/1922;26752,58
1/8/1922;25828,06
1/9/1922;33392,33
1/10/1922;41968,07
1/11/1922;52995,00
1/12/1922;58136,13
1/1/1923;44365,48
1/2/1923;33990,71
1/3/1923;29536,13
1/4/1923;34369,67
1/5/1923;41651,93
1/6/1923;40546,00
1/7/1923;32364,52
1/8/1923;33696,13
1/9/1923;39388,33
1/10/1923;44008,39
1/11/1923;50438,33
1/12/1923;59872,58
1/1/1924;49764,52
1/2/1924;38821,38
1/3/1924;30876,45
1/4/1924;36311,67
1/5/1924;42360,97
1/6/1924;41449,67
1/7/1924;30615,81
1/8/1924;30610,32
1/9/1924;37447,00
1/10/1924;44914,20
1/11/1924;57965,67
1/12/1924;63373,87
1/1/1925;49946,13
1/2/1925;34770,36
1/3/1925;32715,48
1/4/1925;34612,33
1/5/1925;34576,13
1/6/1925;34159,00
1/7/1925;34017,74
1/8/1925;32175,48
1/9/1925;37049,33
1/10/1925;44900,64
1/11/1925;55204,67
1/12/1925;64170,64
1/1/1926;60478,71
1/2/1926;40873,57
1/3/1926;34900,00
1/4/1926;39775,67
1/5/1926;43092,26
1/6/1926;38087,00
1/7/1926;31764,84
1/8/1926;31817,10
1/9/1926;38150,33
1/10/1926;44482,90
1/11/1926;55734,00
1/12/1926;61658,39
1/1/1927;46496,77
1/2/1927;34438,93
1/3/1927;32250,00
1/4/1927;38016,67
1/5/1927;38374,20
1/6/1927;33663,67
1/7/1927;26994,52
1/8/1927;27650,00
1/9/1927;31857,00
1/10/1927;38484,20
1/11/1927;46719,33
1/12/1927;47349,03
1/1/1928;39916,45
1/2/1928;34684,14
1/3/1928;31426,13
1/4/1928;35803,00
1/5/1928;40482,26
1/6/1928;42292,00
1/7/1928;37827,42
1/8/1928;33532,26
1/9/1928;40736,67
1/10/1928;45275,48
1/11/1928;49455,67
1/12/1928;51730,64
1/1/1929;42265,48
1/2/1929;35312,50
1/3/1929;34085,48
1/4/1929;34928,00
1/5/1929;36641,29
1/6/1929;32936,00
1/7/1929;29080,64
1/8/1929;30194,52
1/9/1929;36106,67
1/10/1929;41529,68
1/11/1929;51732,67
1/12/1929;57930,97
1/1/1930;47418,39
1/2/1930;37455,36
1/3/1930;33864,84
1/4/1930;40459,00
1/5/1930;44478,71
1/6/1930;40735,67
1/7/1930;31155,81
1/8/1930;27862,26
1/9/1930;31849,33
1/10/1930;40358,71
1/11/1930;48212,67
1/12/1930;47101,29
1/1/1931;40216,13
1/2/1931;35530,36
1/3/1931;34173,55
1/4/1931;36941,67
1/5/1931;37549,36
1/6/1931;34530,00
1/7/1931;29023,87
1/8/1931;28852,58
1/9/1931;31745,67
1/10/1931;36964,84
1/11/1931;44482,00
1/12/1931;49130,97
1/1/1932;45375,16
1/2/1932;32594,83
1/3/1932;29860,97
1/4/1932;34374,00
1/5/1932;35472,90
1/6/1932;38282,33
1/7/1932;35605,80
1/8/1932;30814,84
1/9/1932;38203,67
1/10/1932;46821,61
1/11/1932;56202,67
1/12/1932;56379,03
1/1/1933;49734,84
1/2/1933;46505,71
1/3/1933;42725,16
1/4/1933;42235,00
1/5/1933;37350,00
1/6/1933;32562,00
1/7/1933;27699,03
1/8/1933;28721,29
1/9/1933;34019,33
1/10/1933;41627,74
1/11/1933;46821,00
1/12/1933;50951,61
1/1/1934;47319,36
1/2/1934;33857,50
1/3/1934;31087,42
1/4/1934;34174,67
1/5/1934;35871,29
1/6/1934;33327,00
1/7/1934;31155,48
1/8/1934;32582,90
1/9/1934;39028,00
1/10/1934;43948,39
1/11/1934;54800,33
1/12/1934;63668,07
1/1/1935;57305,80
1/2/1935;43299,29
1/3/1935;40504,84
1/4/1935;43648,00
1/5/1935;44758,71
1/6/1935;42303,33
1/7/1935;38351,61
1/8/1935;31833,55
1/9/1935;35582,00
1/10/1935;40445,16
1/11/1935;45822,33
1/12/1935;49041,93
1/1/1936;44865,48
1/2/1936;37784,48
1/3/1936;35271,29
1/4/1936;36523,33
1/5/1936;37885,16
1/6/1936;35485,67
1/7/1936;32897,42
1/8/1936;32636,77
1/9/1936;39346,00
1/10/1936;47427,74
1/11/1936;53583,33
1/12/1936;56767,74
1/1/1937;45878,07
1/2/1937;37741,07
1/3/1937;37619,68
1/4/1937;40806,00
1/5/1937;44143,55
1/6/1937;41455,33
1/7/1937;31738,06
1/8/1937;31402,58
1/9/1937;34774,33
1/10/1937;40655,80
1/11/1937;52489,00
1/12/1937;57904,20
1/1/1938;49143,55
1/2/1938;34132,86
1/3/1938;34406,45
1/4/1938;34583,33
1/5/1938;35915,16
1/6/1938;32877,33
1/7/1938;30101,94
1/8/1938;32252,26
1/9/1938;36706,33
1/10/1938;42417,42
1/11/1938;52348,00
1/12/1938;56788,71
1/1/1939;45854,84
1/2/1939;39078,57
1/3/1939;37250,32
1/4/1939;38084,00
1/5/1939;40883,87
1/6/1939;37466,00
1/7/1939;29991,61
1/8/1939;29035,16
1/9/1939;32017,67
1/10/1939;42338,39
1/11/1939;52944,67
1/12/1939;62378,07
1/1/1940;49577,42
1/2/1940;41421,04
1/3/1940;38635,48
1/4/1940;40380,00
1/5/1940;42226,45
1/6/1940;38923,00
1/7/1940;30207,74
1/8/1940;32482,26
1/9/1940;36502,00
1/10/1940;42107,10
1/11/1940;50236,33
1/12/1940;52782,90
1/1/1941;44437,74
1/2/1941;34865,36
1/3/1941;34620,97
1/4/1941;34996,33
1/5/1941;34179,03
1/6/1941;35267,33
1/7/1941;34728,71
1/8/1941;31365,81
1/9/1941;38021,00
1/10/1941;41358,07
1/11/1941;47721,33
1/12/1941;57109,36
1/1/1942;55202,90
1/2/1942;45068,21
1/3/1942;38440,64
1/4/1942;37180,00
1/5/1942;36645,80
1/6/1942;36496,00
1/7/1942;31189,03
1/8/1942;33167,10
1/9/1942;41282,67
1/10/1942;46569,03
1/11/1942;47859,00
1/12/1942;46446,77
1/1/1943;39330,32
1/2/1943;32424,64
1/3/1943;29688,39
1/4/1943;30166,33
1/5/1943;32196,13
1/6/1943;32047,33
1/7/1943;27338,39
1/8/1943;28172,90
1/9/1943;33839,00
1/10/1943;41056,13
1/11/1943;45798,67
1/12/1943;43731,29
1/1/1944;39590,64
1/2/1944;35667,24
1/3/1944;31669,68
1/4/1944;39993,67
1/5/1944;40787,42
1/6/1944;36457,33
1/7/1944;27090,97
1/8/1944;28522,26
1/9/1944;36420,67
1/10/1944;43837,42
1/11/1944;50266,67
1/12/1944;52029,68
1/1/1945;42076,77
1/2/1945;32718,57
1/3/1945;31842,26
1/4/1945;31013,33
1/5/1945;31354,84
1/6/1945;34559,67
1/7/1945;30960,97
1/8/1945;30081,94
1/9/1945;36828,33
1/10/1945;46177,10
1/11/1945;54575,33
1/12/1945;56253,23
1/1/1946;43728,39
1/2/1946;31860,00
1/3/1946;29340,32
1/4/1946;30581,67
1/5/1946;34245,48
1/6/1946;31737,33
1/7/1946;28119,36
1/8/1946;29271,29
1/9/1946;36843,67
1/10/1946;46116,13
1/11/1946;54852,67
1/12/1946;61294,84
1/1/1947;50351,61
1/2/1947;39852,86
1/3/1947;36077,42
1/4/1947;39059,67
1/5/1947;45992,26
1/6/1947;44512,67
1/7/1947;36909,36
1/8/1947;34896,45
1/9/1947;36734,00
1/10/1947;44220,97
1/11/1947;49815,67
1/12/1947;49539,03
1/1/1948;46586,45
1/2/1948;39350,00
1/3/1948;37984,84
1/4/1948;36183,00
1/5/1948;37094,52
1/6/1948;35079,67
1/7/1948;33554,84
1/8/1948;34632,58
1/9/1948;42035,33
1/10/1948;50617,74
1/11/1948;60171,67
1/12/1948;62742,90
1/1/1949;47360,00
1/2/1949;34629,64
1/3/1949;31914,52
1/4/1949;33971,00
1/5/1949;32797,10
1/6/1949;29354,00
1/7/1949;29083,23
1/8/1949;32868,71
1/9/1949;38139,67
1/10/1949;46990,97
1/11/1949;53957,67
1/12/1949;51024,84
1/1/1950;39855,48
1/2/1950;33765,71
1/3/1950;31245,81
1/4/1950;37409,33
1/5/1950;36814,52
1/6/1950;32499,33
1/7/1950;29480,32
1/8/1950;32831,61
1/9/1950;38270,33
1/10/1950;45714,84
1/11/1950;56942,67
1/12/1950;56151,61
1/1/1951;44720,64
1/2/1951;36500,00
1/3/1951;34040,32
1/4/1951;41696,33
1/5/1951;37727,10
1/6/1951;34168,67
1/7/1951;31644,84
1/8/1951;28154,19
1/9/1951;34238,67
1/10/1951;39310,64
1/11/1951;53841,67
1/12/1951;62777,42
1/1/1952;55016,77
1/2/1952;38157,93
1/3/1952;32995,80
1/4/1952;33900,33
1/5/1952;39345,80
1/6/1952;38651,67
1/7/1952;32248,71
1/8/1952;31901,29
1/9/1952;37050,00
1/10/1952;43151,61
1/11/1952;51014,67
1/12/1952;51517,74
1/1/1953;42747,74
1/2/1953;34916,79
1/3/1953;34228,07
1/4/1953;35758,00
1/5/1953;36902,58
1/6/1953;33797,33
1/7/1953;28844,19
1/8/1953;25845,16
1/9/1953;31908,00
1/10/1953;37539,36
1/11/1953;45252,67
1/12/1953;49366,77
1/1/1954;36915,80
1/2/1954;29160,71
1/3/1954;31780,97
1/4/1954;36465,00
1/5/1954;39278,07
1/6/1954;35862,00
1/7/1954;31825,81
1/8/1954;27693,55
1/9/1954;33616,00
1/10/1954;40558,07
1/11/1954;50184,33
1/12/1954;51453,87
1/1/1955;46755,16
1/2/1955;41587,86
1/3/1955;37677,74
1/4/1955;41341,00
1/5/1955;45350,97
1/6/1955;39187,00
1/7/1955;32217,42
1/8/1955;32568,06
1/9/1955;37435,00
1/10/1955;47744,20
1/11/1955;59469,33
1/12/1955;60792,58
1/1/1956;48931,29
1/2/1956;38303,79
1/3/1956;34460,64
1/4/1956;38847,00
1/5/1956;46619,03
1/6/1956;41843,33
1/7/1956;34749,36
1/8/1956;30488,39
1/9/1956;35443,67
1/10/1956;42630,64
1/11/1956;50385,33
1/12/1956;55488,71
1/1/1957;49773,23
1/2/1957;37530,71
1/3/1957;36148,39
1/4/1957;44044,67
1/5/1957;44231,93
1/6/1957;40838,67
1/7/1957;35117,74
1/8/1957;32840,64
1/9/1957;35381,33
1/10/1957;39481,93
1/11/1957;48282,67
1/12/1957;54521,61
1/1/1958;50869,68
1/2/1958;37776,43
1/3/1958;29820,00
1/4/1958;29964,00
1/5/1958;34105,48
1/6/1958;30660,33
1/7/1958;26125,48
1/8/1958;26010,64
1/9/1958;29880,67
1/10/1958;35000,64
1/11/1958;42099,67
1/12/1958;42900,64
1/1/1959;38508,39
1/2/1959;34592,14
1/3/1959;30180,00
1/4/1959;30664,00
1/5/1959;31259,03
1/6/1959;29920,00
1/7/1959;25442,90
1/8/1959;25944,19
1/9/1959;33874,33
1/10/1959;42701,93
1/11/1959;49589,00
1/12/1959;57715,16
1/1/1960;51819,36
1/2/1960;40651,38
1/3/1960;41513,23
1/4/1960;45452,00
1/5/1960;48725,80
1/6/1960;43539,67
1/7/1960;37562,58
1/8/1960;35377,42
1/9/1960;38900,33
1/10/1960;46858,39
1/11/1960;56681,67
1/12/1960;59539,36
1/1/1961;48217,74
1/2/1961;41240,00
1/3/1961;39901,29
1/4/1961;42646,33
1/5/1961;44510,00
1/6/1961;37528,33
1/7/1961;35055,16
1/8/1961;36699,36
1/9/1961;41407,00
1/10/1961;52185,48
1/11/1961;65901,00
1/12/1961;80832,91
1/1/1962;76295,80
1/2/1962;61195,00
1/3/1962;47281,29
1/4/1962;51293,33
1/5/1962;53230,32
1/6/1962;48705,00
1/7/1962;44764,20
1/8/1962;40418,39
1/9/1962;44236,00
1/10/1962;52926,45
1/11/1962;64324,00
1/12/1962;74885,48
1/1/1963;67947,09
1/2/1963;55858,21
1/3/1963;47558,39
1/4/1963;47224,00
1/5/1963;53229,03
1/6/1963;51795,67
1/7/1963;44832,58
1/8/1963;39629,68
1/9/1963;40685,00
1/10/1963;44012,90
1/11/1963;51179,00
1/12/1963;58541,93
1/1/1964;57749,03
1/2/1964;47435,52
1/3/1964;41827,10
1/4/1964;43990,67
1/5/1964;47131,29
1/6/1964;46746,00
1/7/1964;38789,68
1/8/1964;32931,29
1/9/1964;38809,00
1/10/1964;47697,42
1/11/1964;61385,33
1/12/1964;69412,91
1/1/1965;54634,84
1/2/1965;40592,14
1/3/1965;37583,87
1/4/1965;43356,33
1/5/1965;43365,16
1/6/1965;35589,67
1/7/1965;28365,16
1/8/1965;30023,87
1/9/1965;35977,00
1/10/1965;41673,55
1/11/1965;51382,00
1/12/1965;62349,03
1/1/1966;55577,74
1/2/1966;43687,14
1/3/1966;41882,90
1/4/1966;46978,67
1/5/1966;50545,80
1/6/1966;47929,67
1/7/1966;39301,29
1/8/1966;36669,36
1/9/1966;41691,33
1/10/1966;48185,80
1/11/1966;55553,33
1/12/1966;63036,77
1/1/1967;49127,10
1/2/1967;35897,86
1/3/1967;33130,97
1/4/1967;35031,00
1/5/1967;35216,13
1/6/1967;33031,00
1/7/1967;30545,48
1/8/1967;31424,19
1/9/1967;38046,00
1/10/1967;45900,97
1/11/1967;60160,00
1/12/1967;65538,71
1/1/1968;57603,55
1/2/1968;44143,45
1/3/1968;42799,68
1/4/1968;44626,33
1/5/1968;46586,13
1/6/1968;46153,33
1/7/1968;41566,45
1/8/1968;36971,93
1/9/1968;39697,33
1/10/1968;43616,77
1/11/1968;50422,67
1/12/1968;58560,00
1/1/1969;56694,20
1/2/1969;48932,50
1/3/1969;45360,64
1/4/1969;52687,33
1/5/1969;53073,55
1/6/1969;50698,33
1/7/1969;44513,87
1/8/1969;43166,77
1/9/1969;45981,67
1/10/1969;50839,36
1/11/1969;59183,00
1/12/1969;66422,91
1/1/1970;54914,20
1/2/1970;44921,07
1/3/1970;44302,90
1/4/1970;45374,33
1/5/1970;45017,74
1/6/1970;42314,00
1/7/1970;34474,52
1/8/1970;36196,45
1/9/1970;43327,67
1/10/1970;51991,93
1/11/1970;62819,67
1/12/1970;62536,13
1/1/1971;47924,52
1/2/1971;38011,43
1/3/1971;33631,61
1/4/1971;35857,00
1/5/1971;37535,80
1/6/1971;33049,67
1/7/1971;28183,23
1/8/1971;32724,52
1/9/1971;38688,67
1/10/1971;44660,00
1/11/1971;50588,33
1/12/1971;54330,32
1/1/1972;43507,10
1/2/1972;34768,96
1/3/1972;33129,36
1/4/1972;35208,33
1/5/1972;36446,45
1/6/1972;33400,67
1/7/1972;29574,52
1/8/1972;29379,68
1/9/1972;33003,67
1/10/1972;36993,87
1/11/1972;50135,67
1/12/1972;55881,93
1/1/1973;47058,39
1/2/1973;37531,79
1/3/1973;32334,52
1/4/1973;32181,00
1/5/1973;34646,45
1/6/1973;32242,67
1/7/1973;25762,90
1/8/1973;26075,48
1/9/1973;33172,33
1/10/1973;40232,26
1/11/1973;47199,67
1/12/1973;50396,45
1/1/1974;40840,00
1/2/1974;34633,57
1/3/1974;31528,71
1/4/1974;34208,00
1/5/1974;36696,13
1/6/1974;35794,00
1/7/1974;31534,19
1/8/1974;33152,90
1/9/1974;37409,00
1/10/1974;44966,77
1/11/1974;52151,67
1/12/1974;52179,36
1/1/1975;43484,84
1/2/1975;37534,29
1/3/1975;34484,52
1/4/1975;34654,00
1/5/1975;36449,36
1/6/1975;32560,67
1/7/1975;29970,32
1/8/1975;29960,00
1/9/1975;39108,67
1/10/1975;49882,90
1/11/1975;60165,00
1/12/1975;63650,00
1/1/1976;46452,90
1/2/1976;38469,66
1/3/1976;38297,74
1/4/1976;40483,00
1/5/1976;42235,16
1/6/1976;38600,33
1/7/1976;33940,00
1/8/1976;32405,81
1/9/1976;38945,67
1/10/1976;44104,52
1/11/1976;52038,00
1/12/1976;59241,93
1/1/1977;56185,16
1/2/1977;46684,29
1/3/1977;39675,48
1/4/1977;43037,67
1/5/1977;45653,55
1/6/1977;38581,00
1/7/1977;34210,00
1/8/1977;33387,10
1/9/1977;39258,67
1/10/1977;48378,07
1/11/1977;55686,67
1/12/1977;57770,32
1/1/1978;51637,10
1/2/1978;37758,57
1/3/1978;35796,45
1/4/1978;37978,00
1/5/1978;42253,87
1/6/1978;41950,67
1/7/1978;35863,23
1/8/1978;33151,61
1/9/1978;39436,33
1/10/1978;44410,00
1/11/1978;53635,00
1/12/1978;62436,45
1/1/1979;51923,23
1/2/1979;45535,71
1/3/1979;43534,84
1/4/1979;45924,67
1/5/1979;46868,71
1/6/1979;47779,00
1/7/1979;40975,48
1/8/1979;33572,90
1/9/1979;37602,33
1/10/1979;39452,26
1/11/1979;47428,67
1/12/1979;52278,07
1/1/1980;42444,20
1/2/1980;35071,72
1/3/1980;33338,07
1/4/1980;35847,33
1/5/1980;38170,32
1/6/1980;37167,33
1/7/1980;33783,55
1/8/1980;34980,97
1/9/1980;38053,33
1/10/1980;45342,90
1/11/1980;53791,33
1/12/1980;59531,93
1/1/1981;50002,58
1/2/1981;39460,00
1/3/1981;32941,29
1/4/1981;36288,33
1/5/1981;35540,64
1/6/1981;38330,33
1/7/1981;29680,32
1/8/1981;30769,03
1/9/1981;38902,33
1/10/1981;44917,74
1/11/1981;51035,00
1/12/1981;52156,13
1/1/1982;44049,36
1/2/1982;35066,43
1/3/1982;31399,36
1/4/1982;29489,67
1/5/1982;32611,94
1/6/1982;34335,67
1/7/1982;30682,90
1/8/1982;29272,58
1/9/1982;34042,67
1/10/1982;41542,90
1/11/1982;56691,33
1/12/1982;61225,16
1/1/1983;49020,32
1/2/1983;36957,86
1/3/1983;31360,00
1/4/1983;31613,67
1/5/1983;29982,58
1/6/1983;27057,00
1/7/1983;24360,00
1/8/1983;25622,26
1/9/1983;31245,00
1/10/1983;36078,71
1/11/1983;45260,33
1/12/1983;47721,61
1/1/1984;41328,34
1/2/1984;32188,70
1/3/1984;29878,20
1/4/1984;30778,75
1/5/1984;29902,39
1/6/1984;25567,29
1/7/1984;25125,63
1/8/1984;28964,94
1/9/1984;31102,78
1/10/1984;33800,32
1/11/1984;40703,57
1/12/1984;43737,95
1/1/1985;35607,47
1/2/1985;32287,14
1/3/1985;26057,71
1/4/1985;34699,61
1/5/1985;41471,18
1/6/1985;39085,63
1/7/1985;33142,37
1/8/1985;32291,99
1/9/1985;36499,16
1/10/1985;45394,62
1/11/1985;51373,44
1/12/1985;50283,77
1/1/1986;40933,79
1/2/1986;32680,88
1/3/1986;31935,39
1/4/1986;35777,84
1/5/1986;35686,79
1/6/1986;32032,59
1/7/1986;24832,34
1/8/1986;25735,74
1/9/1986;29631,04
1/10/1986;38713,16
1/11/1986;50879,46
1/12/1986;54647,64
1/1/1987;44484,68
1/2/1987;36323,03
1/3/1987;37323,26
1/4/1987;38816,51
1/5/1987;37353,48
1/6/1987;33697,89
1/7/1987;27765,29
1/8/1987;24952,90
1/9/1987;32280,17
1/10/1987;40481,78
1/11/1987;50385,49
1/12/1987;52961,60
1/1/1988;44780,59
1/2/1988;33960,56
1/3/1988;32327,23
1/4/1988;34503,56
1/5/1988;35392,66
1/6/1988;32522,38
1/7/1988;27374,23
1/8/1988;27692,83
1/9/1988;36106,70
1/10/1988;43822,51
1/11/1988;54337,29
1/12/1988;58813,16
1/1/1989;54841,42
1/2/1989;37898,01
1/3/1989;31739,46
1/4/1989;37052,12
1/5/1989;36078,95
1/6/1989;30440,75
1/7/1989;24973,12
1/8/1989;26517,60
1/9/1989;32649,09
1/10/1989;36818,77
1/11/1989;46615,47
1/12/1989;50765,77
1/1/1990;44893,03
1/2/1990;34285,40
1/3/1990;33320,56
1/4/1990;33798,79
1/5/1990;32662,23
1/6/1990;30656,26
1/7/1990;23835,13
1/8/1990;21677,71
1/9/1990;32006,43
1/10/1990;39163,17
1/11/1990;44678,10
1/12/1990;50961,16
1/1/1991;50444,24
1/2/1991;40275,25
1/3/1991;33927,92
1/4/1991;37026,64
1/5/1991;39363,31
1/6/1991;39527,43
1/7/1991;35316,66
1/8/1991;32461,28
1/9/1991;35638,68
1/10/1991;37418,13
1/11/1991;45948,61
1/12/1991;50632,88
1/1/1992;39495,69
1/2/1992;30092,99
1/3/1992;25928,40
1/4/1992;27595,99
1/5/1992;29792,58
1/6/1992;27686,14
1/7/1992;25840,29
1/8/1992;27992,27
1/9/1992;31291,16
1/10/1992;37719,78
1/11/1992;47111,42
1/12/1992;53145,08
1/1/1993;45856,70
1/2/1993;33194,72
1/3/1993;28351,96
1/4/1993;31663,88
1/5/1993;33207,34
1/6/1993;34130,87
1/7/1993;32457,04
1/8/1993;31131,44
1/9/1993;35115,72
1/10/1993;37799,37
1/11/1993;42874,10
1/12/1993;48670,12
1/1/1994;43401,66
1/2/1994;33812,90
1/3/1994;29980,08
1/4/1994;29151,59
1/5/1994;31219,07
1/6/1994;30826,71
1/7/1994;30315,00
1/8/1994;29507,05
1/9/1994;36302,93
1/10/1994;45132,27
1/11/1994;55115,80
1/12/1994;63207,79
1/1/1995;55457,89
1/2/1995;42729,27
1/3/1995;37053,87
1/4/1995;37409,90
1/5/1995;38416,23
1/6/1995;34532,50
1/7/1995;27438,75
1/8/1995;28881,76
1/9/1995;29624,17
1/10/1995;37918,26
1/11/1995;48916,41
1/12/1995;53420,80
1/1/1996;45865,58
1/2/1996;36764,03
1/3/1996;34705,73
1/4/1996;42220,79
1/5/1996;42561,39
1/6/1996;39869,30
1/7/1996;33604,80
1/8/1996;30348,60
1/9/1996;33243,67
1/10/1996;41854,43
1/11/1996;49510,17
1/12/1996;52007,50
1/1/1997;46349,88
1/2/1997;33674,11
1/3/1997;27357,66
1/4/1997;30827,76
1/5/1997;34856,38
1/6/1997;32799,61
1/7/1997;31030,64
1/8/1997;31313,45
1/9/1997;34046,26
1/10/1997;36256,74
1/11/1997;47028,43
1/12/1997;58590,01
1/1/1998;62040,84
1/2/1998;56155,01
1/3/1998;43427,23
1/4/1998;42459,96
1/5/1998;41655,50
1/6/1998;36700,33
1/7/1998;30321,85
1/8/1998;31998,43
1/9/1998;37873,76
1/10/1998;43796,96
1/11/1998;50280,77
1/12/1998;52960,61
1/1/1999;42635,26
1/2/1999;38490,60
1/3/1999;33019,82
1/4/1999;33077,35
1/5/1999;32857,33
1/6/1999;30602,38
1/7/1999;28318,64
1/8/1999;32583,60
1/9/1999;42219,32
1/10/1999;49075,31
1/11/1999;59739,41
1/12/1999;63744,34
1/1/2000;58522,50
1/2/2000;46369,05
1/3/2000;35063,73
1/4/2000;33941,95
1/5/2000;32478,34
1/6/2000;27887,99
1/7/2000;26885,83
1/8/2000;28637,64
1/9/2000;34667,20
1/10/2000;40993,29
1/11/2000;52826,69
1/12/2000;55790,21
1/1/2001;50321,89
1/2/2001;42317,30
1/3/2001;36893,28
1/4/2001;40875,20
1/5/2001;41929,93
1/6/2001;38683,53
1/7/2001;34197,48
1/8/2001;33273,59
1/9/2001;36129,75
1/10/2001;40654,71
1/11/2001;51781,61
1/12/2001;65386,67
1/1/2002;60041,61
1/2/2002;41707,73
1/3/2002;37844,96
1/4/2002;42627,95
1/5/2002;43070,57
1/6/2002;35564,17
1/7/2002;28708,78
1/8/2002;29292,88
1/9/2002;35346,75
1/10/2002;43152,84
1/11/2002;54746,61
1/12/2002;63834,52
1/1/2003;60826,66
1/2/2003;45595,09
1/3/2003;36929,66
1/4/2003;37849,64
1/5/2003;38761,50
1/6/2003;34055,50
1/7/2003;34533,37
1/8/2003;35015,22
1/9/2003;38479,72
1/10/2003;45006,00
1/11/2003;51853,29
1/12/2003;56248,69
1/1/2004;50747,22
1/2/2004;40833,02
1/3/2004;34451,70
1/4/2004;33597,04
1/5/2004;33016,08
1/6/2004;26432,75
1/7/2004;25539,27
1/8/2004;26339,57
1/9/2004;33646,75
1/10/2004;39544,57
1/11/2004;51702,01
1/12/2004;56104,38
1/1/2005;46713,01
1/2/2005;34405,79
1/3/2005;31179,53
1/4/2005;33549,25
1/5/2005;33564,27
1/6/2005;32504,85
1/7/2005;30296,17
1/8/2005;27157,40
1/9/2005;35192,19
1/10/2005;40328,96
1/11/2005;48800,13
1/12/2005;51414,20
1/1/2006;41078,31
1/2/2006;34111,51
1/3/2006;33621,70
1/4/2006;34872,04
1/5/2006;33670,86
1/6/2006;33267,36
1/7/2006;26768,40
1/8/2006;28316,18
1/9/2006;32617,27
1/10/2006;39452,45
1/11/2006;51070,42
1/12/2006;62579,52
1/1/2007;54986,68
1/2/2007;40652,12
1/3/2007;36230,64
1/4/2007;34250,37
1/5/2007;35496,53
1/6/2007;35116,87
1/7/2007;31736,93
1/8/2007;32225,20
1/9/2007;37677,98
1/10/2007;46374,51
1/11/2007;56095,22
1/12/2007;61561,04
1/1/2008;54442,95
1/2/2008;42930,16
1/3/2008;36492,30
1/4/2008;38452,80
1/5/2008;37513,72
1/6/2008;34242,15
1/7/2008;30673,49
1/8/2008;31625,55
1/9/2008;38254,63
1/10/2008;41780,86
1/11/2008;50491,08
1/12/2008;55799,60
1/1/2009;47749,24
1/2/2009;40805,07
1/3/2009;39148,61
1/4/2009;36476,40
1/5/2009;38453,84
1/6/2009;36985,46
1/7/2009;32297,50
1/8/2009;28890,26
1/9/2009;34671,25
1/10/2009;41340,46
1/11/2009;52283,49
1/12/2009;59028,29
1/1/2010;52156,71
1/2/2010;43123,41
1/3/2010;40267,13
1/4/2010;44257,55
1/5/2010;43303,56
1/6/2010;37766,07
1/7/2010;33567,33
1/8/2010;32749,37
1/9/2010;34655,98
1/10/2010;40803,07
1/11/2010;48184,17
1/12/2010;52613,73
